{"1": [935920.967412, 190798.948561], "2": [1034880.35509, 162357.340842], "3": [1026705.042745, 254200.631614], "4": [991121.577477, 202996.758991], "5": [931508.18596, 142146.593123], "6": [964326.515602, 158288.235636], "7": [1006587.937038, 216697.807984], "8": [1005465.975864, 222760.711171], "9": [1042382.746589, 212701.757985], "10": [1042410.026403, 186334.6496], "11": [981744.580471, 158853.543444], "12": [979958.558407, 195067.568514], "13": [979446.601777, 197737.445304], "14": [976131.474248, 167053.611374], "15": [1045554.3291, 227535.250833], "16": [1048526.212922, 217274.824841], "17": [998027.93897, 191540.044306], "18": [1014843.104465, 255852.287179], "19": [1059389.974624, 207057.496911], "20": [1015959.981276, 252233.614602], "21": [986904.754454, 156738.271223], "22": [985416.548089, 161080.683644], "23": [931349.061491, 159615.775859], "24": [993181.52897, 231813.866739], "25": [988152.293531, 189419.190562], "26": [987594.3945, 169071.478635], "27": [1014586.51528, 143791.862945], "28": [1037759.618297, 198850.690235], "29": [995220.308928, 150564.547845], "30": [1033429.017519, 158972.327527], "31": [1018792.388979, 252736.530004], "32": [1021476.998075, 253398.383923], "33": [985497.411398, 193199.391886], "34": [991410.32394, 195290.814698], "35": [1009127.534517, 181198.914266], "36": [1007310.658606, 194046.781401], "37": [1005347.253345, 192662.343965], "38": [1057587.734403, 192632.523601], "39": [1014303.623134, 173368.453181], "40": [985185.956499, 186253.504837], "41": [997933.853283, 231965.222067], "42": [1001664.846448, 240357.647029], "43": [993527.805651, 224002.86806], "44": [918269.711001, 132437.336474], "45": [984790.823376, 198520.087664], "46": [1043495.52015, 249125.293703], "47": [1011787.80057, 246498.633793], "48": [986814.11575, 216674.746186], "49": [994959.569029, 190757.153242], "50": [984949.694374, 219020.72822], "51": [1031161.213003, 258303.286889], "52": [985292.809324, 189394.196369], "53": [1025496.286416, 224667.34627], "54": [983209.705708, 189748.251726], "55": [987592.471943, 148907.262795], "56": [1024887.092999, 213318.4572], "58": [1035376.699531, 246818.990727], "59": [1013290.10725, 244584.424836], "60": [1016506.811471, 243609.385861], "61": [1002119.243498, 185248.744625], "62": [999139.552035, 182001.794621], "63": [1016264.888597, 187386.614755], "64": [1053883.599578, 217225.481791], "65": [988343.496759, 192801.215852], "66": [987664.102037, 195446.972057], "67": [980073.786156, 164224.424998], "68": [984096.609597, 211884.539346], "69": [1007736.193591, 241892.449533], "70": [1021406.191948, 217386.379355], "71": [1002023.10909, 173457.808255], "72": [1006037.044323, 177043.818834], "73": [1037675.911806, 213653.826883], "74": [1002518.565485, 232417.542798], "75": [1000344.436495, 226465.086116], "76": [1018784.647694, 177869.693984], "77": [1013410.943966, 182340.586209], "78": [1017119.40181, 246712.648675], "79": [987995.435823, 204054.852578], "80": [1003427.328907, 199796.461845], "81": [1030975.822667, 260534.322988], "82": [1017638.073321, 207883.71258], "83": [1013935.270215, 208128.585898], "84": [930715.519767, 128977.071066], "85": [997601.357844, 174561.37404], "86": [1051572.854564, 158955.852064], "87": [982711.118645, 195992.997794], "88": [980975.213502, 194769.218672], "89": [994769.157963, 171348.330626], "90": [985139.876146, 209676.029302], "91": [1003853.067734, 168125.860398], "92": [1031992.781994, 216314.698352], "93": [1026950.403879, 211655.923922], "94": [1012209.186405, 252137.350206], "95": [1027273.663244, 202096.191406], "96": [1021901.626294, 194264.176738], "97": [990458.442703, 191237.240586], "98": [1046635.622555, 206031.844162], "99": [927800.150047, 146363.229328], "100": [987376.335165, 213755.890066], "101": [1063051.716793, 211373.629628], "102": [1018336.342985, 194986.248039], "103": [979546.947854, 190666.418696], "106": [986504.074377, 184768.469872], "107": [988609.441013, 207678.929293], "108": [987410.680923, 152977.200522], "109": [944361.896648, 137157.254287], "110": [948122.464721, 136173.148898], "111": [986840.881881, 177210.960038], "112": [997963.913638, 206839.180999], "113": [985856.794349, 205930.197075], "114": [985091.502657, 204373.535809], "115": [960798.393625, 164777.666511], "116": [997886.136238, 240914.696483], "117": [1042203.335507, 156786.321108], "118": [948578.717619, 153727.652041], "119": [1004653.181747, 244569.30221], "120": [1003251.227742, 247090.60587], "121": [1038197.077451, 204696.865691], "122": [1049672.258086, 198194.995258], "123": [994044.69067, 157242.368267], "124": [1026598.542359, 178077.137934], "125": [981778.768737, 203690.613107], "126": [1014942.885148, 233441.028772], "127": [1007073.999583, 253555.131325], "128": [1005992.674736, 257948.362257], "129": [1015504.321366, 215994.193954], "130": [1042327.130319, 196611.304042], "131": [1045836.783716, 201504.725187], "132": [1044269.336723, 172181.364093], "133": [990769.133984, 172713.82462], "134": [1030932.401326, 197467.016351], "135": [1033896.742661, 204512.244559], "136": [1009762.695725, 254479.224478], "137": [991504.719192, 208108.981137], "138": [1019474.906767, 221520.142], "139": [1054962.476904, 185926.186143], "140": [996516.162757, 217591.717466], "141": [995299.068476, 218215.292735], "142": [989153.730127, 220287.697177], "143": [987001.506742, 222138.329296], "144": [985171.626404, 201945.454645], "145": [996752.629037, 209798.376845], "146": [1002039.788764, 213665.144309], "147": [1012325.260485, 237947.988996], "148": [986684.305389, 200960.728867], "149": [999121.161842, 159904.762182], "150": [1000574.789906, 151045.976167], "151": [992276.435918, 230512.971081], "152": [996391.881607, 237897.25721], "153": [1008637.30873, 257919.235571], "154": [1007927.441607, 155903.992531], "155": [1011459.50332, 162714.873296], "156": [935981.505224, 172780.858779], "157": [1010882.277269, 202883.016136], "158": [981344.051302, 207747.931374], "159": [1008205.091823, 237997.377606], "160": [1016688.997349, 201375.181511], "161": [990525.078929, 215347.285618], "162": [991834.182817, 214897.479832], "163": [990134.533242, 218191.843311], "164": [988476.068645, 211987.414469], "165": [995848.006915, 165786.911004], "166": [994322.781038, 234628.534243], "167": [1010536.283073, 240104.994853], "168": [1008593.29629, 232302.867446], "169": [1010157.105753, 248294.763034], "170": [990261.814677, 211601.828291], "171": [1037549.108983, 219157.129625], "172": [955182.151977, 146558.53524], "173": [1022633.564606, 214075.00545], "174": [1016877.140785, 259421.038916], "175": [1052067.682859, 210301.72802], "176": [950531.331983, 144982.369703], "177": [1008650.928467, 185962.950776], "178": [992161.047405, 164376.017443], "179": [1003604.521812, 220688.938527], "180": [1026265.143692, 185709.829041], "181": [989611.9536, 183647.718374], "182": [1023367.528246, 244285.079849], "183": [1030976.660287, 248770.518051], "184": [1040525.353558, 253480.041483], "185": [1024928.275377, 250581.813915], "186": [986466.84361, 212006.400532], "187": [946465.654768, 169817.792467], "188": [998652.19478, 179278.371482], "189": [993089.760264, 185821.181442], "190": [991860.372054, 180120.049135], "191": [1055651.332711, 200578.412009], "192": [1035609.388605, 210412.902109], "193": [1001122.326885, 217170.332332], "194": [1004812.713093, 227770.192915], "195": [980635.176272, 184995.907679], "196": [1021956.96086, 203869.38934], "197": [1031641.61596, 192707.014914], "198": [1010819.520123, 197001.418781], "199": [1017287.983828, 228389.043686], "200": [1009632.678102, 266802.775234], "201": [1029182.53997, 150173.702765], "202": [998042.751824, 216811.50342], "203": [1055036.710575, 174039.185129], "204": [926202.085676, 136054.501927], "205": [1049619.668574, 191797.785415], "206": [956513.557335, 172665.189091], "207": [1012601.64927, 217553.55834], "208": [1035495.809153, 238137.857811], "209": [983621.614123, 197319.459692],