{"yellow": {"min": 2.5, "q1": 6.5, "median": 9.5, "q3": 14.5, "max": 99.5, "mean": 12.540108934859154}, "green": {"min": 2.5, "q1": 6.5, "median": 9.5, "q3": 16.0, "max": 99.5, "mean": 13.293402784724025}, "yellow_payment_1": {"min": 2.5, "q1": 6.5, "median": 9.5, "q3": 14.5, "max": 99.5, "mean": 12.911798224928182}, "yellow_payment_2": {"min": 2.5, "q1": 6.0, "median": 8.5, "q3": 13.5, "max": 99.0, "mean": 11.673189106303546}}