{
  "anova": {
    "f_statistic": 5.920955299108714,
    "p_value": 0.002949344579677794,
    "significant": true,
    "alpha": 0.05
  },
  "post_hoc": {
    "sunny_vs_rainy": {
      "t": 0.3051286531527649,
      "p": 0.7604464860856085,
      "significant": false
    },
    "sunny_vs_snowy": {
      "t": 3.3898412999862386,
      "p": 0.0008014180246405775,
      "significant": true
    },
    "rainy_vs_snowy": {
      "t": 3.1634387191696187,
      "p": 0.002113182748863159,
      "significant": true
    }
  },
  "effect_size": {
    "sunny_vs_rainy": 0.03759934104028306,
    "sunny_vs_snowy": 1.2976814576215394,
    "rainy_vs_snowy": 1.2428385236041404
  },
  "descriptive": {
    "sunny": {
      "n": 271,
      "mean": 296766.0553505535,
      "std": 38652.56093529528
    },
    "rainy": {
      "n": 87,
      "mean": 295323.9195402299,
      "std": 36959.70187974334
    },
    "snowy": {
      "n": 7,
      "mean": 245212.57142857142,
      "std": 66247.92052985974
    }
  }
}